"Colosal superávit comercial de China, que prepara la réplica al proteccionisno de Trump

https://t.co/vUISMtPZNK",positive
RT @washingtonpost: Trump to offer temporary tariff exemption for Canada and Mexico https://t.co/aMJRpw6rbg,positive
RT @funder: Trump’s now spent 100 days in office at one of his golf courses. That’s almost 25% of his fake presidency. Here’s the kicker: T…,negative
RT @PalmerReport: Court filings imply that Donald Trump got Stormy Daniels pregnant and she had an abortion https://t.co/5zreogklSd,positive
RT @SweepsFox: Jimmy Kimmel Panics &amp; Blames Netflix For Worst Oscar Ratings Ever… Gets Busted LYING About Trump’s Approval Ratings-KIMMEL?…,negative
"As difficult as it would appear, “Hypocritical Celebs”
have managed to reached just another low blow to the
Silent… https://t.co/etmH01O739",negative
"RT @TalbertSwan: Trump treated black casino employees differently from whites, according to many sources. A former hotel exec said he criti…",positive
RT @RWPUSA: Trump’s trade war will be a disaster for American farmers. The Minnesota Congressional delegation must speak with one voice: th…,positive
"RT @EdKrassen: Parkland Survivor, David Hogg: ""I ended [the call with the White House] on this message with them. I said ' We don't need to…",positive
Mercados de EU cierran con perdidas tras confirmación de lanzamiento de aranceles de Trump. Infórmate más en:… https://t.co/Vb3wM2GLoa,positive
